{"TotalCountPool": {"total_pool_tokens": 1574779, "total_pool_cost": 20.650211999999993, "models": {"gpt-3.5-turbo-16k-0613": {"tokens": 674948, "cost": 2.1317219999999995, "prompt_tokens": 568070, "output_tokens": 106878}, "gpt-4-0613": {"tokens": 512981, "cost": 18.518490000000007, "prompt_tokens": 408679, "output_tokens": 104302}, "text-embedding-ada-002-v2": {"tokens": 4, "cost": 0.0, "prompt_tokens": 4, "output_tokens": 0}, "gpt-3.5-turbo-0613": {"tokens": 386846, "cost": 0.0, "prompt_tokens": 312837, "output_tokens": 74009}, "null": {"tokens": 0, "cost": 0.0, "prompt_tokens": 0, "output_tokens": 0}}}}