{"TotalCountPool": {"total_pool_tokens": 4358645, "total_pool_cost": 28.42717939999998, "models": {"gpt-3.5-turbo-16k-0613": {"tokens": 958991, "cost": 3.0264939999999974, "prompt_tokens": 809470, "output_tokens": 149521}, "gpt-4-0613": {"tokens": 670923, "cost": 24.459600000000005, "prompt_tokens": 526526, "output_tokens": 144397}, "text-embedding-ada-002-v2": {"tokens": 1229790, "cost": 0.0, "prompt_tokens": 1229790, "output_tokens": 0}, "gpt-3.5-turbo-0613": {"tokens": 1484210, "cost": 0.0, "prompt_tokens": 995636, "output_tokens": 488574}, "null": {"tokens": 0, "cost": 0.0, "prompt_tokens": 0, "output_tokens": 0}, "gpt-4-1106-preview": {"tokens": 8493, "cost": 0.94101, "prompt_tokens": 5541, "output_tokens": 2952}, "text-embedding-ada-002": {"tokens": 754, "cost": 7.54e-05, "prompt_tokens": 754, "output_tokens": 0}, "gpt-3.5-turbo-0125": {"tokens": 5484, "cost": 0.0, "prompt_tokens": 4248, "output_tokens": 1236}}}}