{"TotalCountPool": {"total_pool_tokens": 3734657, "total_pool_cost": 24.682611999999995, "models": {"gpt-3.5-turbo-16k-0613": {"tokens": 936116, "cost": 2.9554119999999977, "prompt_tokens": 789052, "output_tokens": 147064}, "gpt-4-0613": {"tokens": 594611, "cost": 21.727200000000014, "prompt_tokens": 464982, "output_tokens": 129629}, "text-embedding-ada-002-v2": {"tokens": 1229790, "cost": 0.0, "prompt_tokens": 1229790, "output_tokens": 0}, "gpt-3.5-turbo-0613": {"tokens": 974140, "cost": 0.0, "prompt_tokens": 599156, "output_tokens": 374984}, "null": {"tokens": 0, "cost": 0.0, "prompt_tokens": 0, "output_tokens": 0}}}}