{"TotalCountPool": {"total_pool_tokens": 3858571, "total_pool_cost": 28.33054399999999, "models": {"gpt-3.5-turbo-16k-0613": {"tokens": 958991, "cost": 3.0264939999999974, "prompt_tokens": 809470, "output_tokens": 149521}, "gpt-4-0613": {"tokens": 670923, "cost": 24.459600000000005, "prompt_tokens": 526526, "output_tokens": 144397}, "text-embedding-ada-002-v2": {"tokens": 1229790, "cost": 0.0, "prompt_tokens": 1229790, "output_tokens": 0}, "gpt-3.5-turbo-0613": {"tokens": 990970, "cost": 0.0, "prompt_tokens": 611161, "output_tokens": 379809}, "null": {"tokens": 0, "cost": 0.0, "prompt_tokens": 0, "output_tokens": 0}, "gpt-4-1106-preview": {"tokens": 7856, "cost": 0.84445, "prompt_tokens": 5215, "output_tokens": 2641}, "gpt-4o-2024-05-13": {"tokens": 41, "cost": 0.0, "prompt_tokens": 21, "output_tokens": 20}}}}