{"TotalCountPool": {"total_pool_tokens": 3761220, "total_pool_cost": 24.890883999999996, "models": {"gpt-3.5-turbo-16k-0613": {"tokens": 958991, "cost": 3.0264939999999974, "prompt_tokens": 809470, "output_tokens": 149521}, "gpt-4-0613": {"tokens": 598299, "cost": 21.864390000000014, "prompt_tokens": 467785, "output_tokens": 130514}, "text-embedding-ada-002-v2": {"tokens": 1229790, "cost": 0.0, "prompt_tokens": 1229790, "output_tokens": 0}, "gpt-3.5-turbo-0613": {"tokens": 974140, "cost": 0.0, "prompt_tokens": 599156, "output_tokens": 374984}, "null": {"tokens": 0, "cost": 0.0, "prompt_tokens": 0, "output_tokens": 0}}}}