{"TotalCountPool": {"total_pool_tokens": 989868, "total_pool_cost": 19.407065999999986, "models": {"gpt-3.5-turbo-16k-0613": {"tokens": 325094, "cost": 1.0210559999999997, "prompt_tokens": 279320, "output_tokens": 45774}, "gpt-4-0613": {"tokens": 509307, "cost": 18.386010000000006, "prompt_tokens": 405747, "output_tokens": 103560}, "text-embedding-ada-002-v2": {"tokens": 4, "cost": 0.0, "prompt_tokens": 4, "output_tokens": 0}, "gpt-3.5-turbo-0613": {"tokens": 155463, "cost": 0.0, "prompt_tokens": 109013, "output_tokens": 46450}, "null": {"tokens": 0, "cost": 0.0, "prompt_tokens": 0, "output_tokens": 0}}}}