{"TotalCountPool": {"total_pool_tokens": 4382074, "total_pool_cost": 28.449264299999836, "models": {"gpt-3.5-turbo-16k-0613": {"tokens": 958991, "cost": 3.0264939999999974, "prompt_tokens": 809470, "output_tokens": 149521}, "gpt-4-0613": {"tokens": 670923, "cost": 24.459600000000005, "prompt_tokens": 526526, "output_tokens": 144397}, "text-embedding-ada-002-v2": {"tokens": 1229790, "cost": 0.0, "prompt_tokens": 1229790, "output_tokens": 0}, "gpt-3.5-turbo-0613": {"tokens": 1484210, "cost": 0.0, "prompt_tokens": 995636, "output_tokens": 488574}, "null": {"tokens": 0, "cost": 0.0, "prompt_tokens": 0, "output_tokens": 0}, "gpt-4-1106-preview": {"tokens": 8736, "cost": 0.96113, "prompt_tokens": 5723, "output_tokens": 3013}, "text-embedding-ada-002": {"tokens": 20403, "cost": 0.0020402999999999992, "prompt_tokens": 20403, "output_tokens": 0}, "gpt-3.5-turbo-0125": {"tokens": 9021, "cost": 0.0, "prompt_tokens": 6042, "output_tokens": 2979}}}}